Issue Id,Issue Type,Summary,Description,Parent,Sprint,Labels,Priority
1,Epic,Setup & Infrastructure,"GitHub, Jira, Firebase, Maps, Google Play account, dev environments",,,,
2,Epic,Design & C4,"User stories, mockups and C4 levels 1-4",,,,
3,Epic,Firebase Backend,"Auth config, Firestore data model, security rules, emulator tests",,,,
4,Epic,Authentication,"Sign up, log in, log out",,,,
5,Epic,Listings,"Create, view and photo upload for listings (sale/rent)",,,,
6,Epic,Search & Filters,"Listing list with price, location, type, sale/rent filters",,,,
7,Epic,Map & Geolocation,"Show listings on a map, pick a location when publishing",,,,
8,Epic,Chat,One conversation per listing between buyer and owner,,,,
9,Epic,Favorites & Profile,"Favorite listings, edit profile, see own listings",,,,
10,Epic,Notifications,Push notification on each new message (FCM),,,,
11,Epic,"Testing, Release & Docs","Test plan, release build, Google Play, real-phone tests, report, demo",,,,
12,Task,"Create GitHub monorepo, branches and protection","Repo 'vesta' with flutter-app, react-native-app, firebase, docs. Branches main/develop. PR + 1 approval required. Invite all members.

Assignee: Manar
Reviewer: Eya
Definition of Done: PR reviewed and merged, tested on a real phone, ticket updated.",1,Sprint 0,git manar,High
13,Task,Create Jira project and import backlog,"Scrum project VST, Sprints 0-3 + Buffer, connect GitHub to Jira.

Assignee: Manar
Reviewer: Eya
Definition of Done: PR reviewed and merged, tested on a real phone, ticket updated.",1,Sprint 0,jira manar,High
14,Task,"Create Firebase project (Auth, Firestore, Storage, FCM)","Register the Android app twice (Flutter package, React Native package). Add all members.

Assignee: Manar
Reviewer: Eya
Definition of Done: PR reviewed and merged, tested on a real phone, ticket updated.",1,Sprint 0,firebase manar,High
15,Task,Enable Google Maps SDK and restrict API key,"Enable Maps SDK for Android in Google Cloud and restrict the key by package name + SHA-1.

Assignee: Eya
Reviewer: Manar
Definition of Done: PR reviewed and merged, tested on a real phone, ticket updated.",1,Sprint 0,firebase eya,High
16,Task,Start Google Play developer account,"One-time fee and identity verification. New personal accounts may need a closed test with minimum testers for ~2 weeks: check current Play Console rules.

Assignee: Mahmoud
Reviewer: Manar
Definition of Done: PR reviewed and merged, tested on a real phone, ticket updated.",1,Sprint 0,release mahmoud,High
17,Task,Flutter environment and hello world,"Own Flutter setup, hello world running on a real phone, pushed to flutter-app/.

Assignee: Eya
Reviewer: Manar
Definition of Done: PR reviewed and merged, tested on a real phone, ticket updated.",1,Sprint 0,flutter eya,High
18,Task,React Native environment and hello world,"Own RN setup, hello world running on a real phone, pushed to react-native-app/.

Assignee: Ahmed
Reviewer: Manar
Definition of Done: PR reviewed and merged, tested on a real phone, ticket updated.",1,Sprint 0,react-native ahmed,High
19,Task,Write user stories,"User stories for buyer/tenant and owner/agent covering all MVP features.

Assignee: Mahmoud
Reviewer: Manar
Definition of Done: PR reviewed and merged, tested on a real phone, ticket updated.",2,Sprint 0,docs mahmoud,High
20,Task,"Figma mockups: login, listings, details","Mockups for login/sign up, listings list, listing details.

Assignee: Ahmed
Reviewer: Manar
Definition of Done: PR reviewed and merged, tested on a real phone, ticket updated.",2,Sprint 0,design ahmed,Medium
21,Task,C4 level 1: System context,"Buyer, owner, Vesta, Firebase, Google Maps, Google Play. Export to docs/c4/.

Assignee: Manar
Reviewer: Eya
Definition of Done: PR reviewed and merged, tested on a real phone, ticket updated.",2,Sprint 0,c4 manar,High
22,Task,C4 level 2: Containers,"Flutter app, React Native app, Firebase Auth, Firestore, Storage, FCM, Google Maps.

Assignee: Manar
Reviewer: Eya
Definition of Done: PR reviewed and merged, tested on a real phone, ticket updated.",2,Sprint 0,c4 manar,High
23,Task,C4 level 3: Auth and Profile components,"Components, responsibilities and relations for Auth and Profile.

Assignee: Ahmed
Reviewer: Manar
Definition of Done: PR reviewed and merged, tested on a real phone, ticket updated.",2,Sprint 1,c4 ahmed,Medium
24,Task,C4 level 3: Listings and Favorites components,"Components, responsibilities and relations for Listings and Favorites.

Assignee: Mahmoud
Reviewer: Manar
Definition of Done: PR reviewed and merged, tested on a real phone, ticket updated.",2,Sprint 1,c4 mahmoud,Medium
25,Task,"C4 level 3: Search, Map and Chat components","Components, responsibilities and relations for Search, Map and Chat.

Assignee: Eya
Reviewer: Manar
Definition of Done: PR reviewed and merged, tested on a real phone, ticket updated.",2,Sprint 1,c4 eya,Medium
26,Task,C4 level 4: Key classes and Firestore data model,"Class diagram of the Search module and Firestore collections.

Assignee: Manar
Reviewer: Eya
Definition of Done: PR reviewed and merged, tested on a real phone, ticket updated.",2,Sprint 1,c4 manar,Medium
27,Task,Flutter initiation session (Manar with Eya),"Pair session so Eya can work independently in Flutter.

Assignee: Manar
Reviewer: Eya
Definition of Done: PR reviewed and merged, tested on a real phone, ticket updated.",2,Sprint 1,flutter manar,Medium
28,Task,Configure Firebase Auth (email/password),"Enable provider, test accounts, password rules.

Assignee: Manar
Reviewer: Eya
Definition of Done: PR reviewed and merged, tested on a real phone, ticket updated.",3,Sprint 1,firebase manar,High
29,Task,Firestore data model and security rules,"Collections: users, listings, favorites, conversations, messages. Rules replace the deny-all placeholder in firebase/firestore.rules.

Assignee: Eya
Reviewer: Manar
Definition of Done: PR reviewed and merged, tested on a real phone, ticket updated.",3,Sprint 1,firebase eya,High
30,Task,Review Auth rules and Firebase emulator tests,"Review auth-related rules and write emulator tests.

Assignee: Ahmed
Reviewer: Manar
Definition of Done: PR reviewed and merged, tested on a real phone, ticket updated.",3,Sprint 1,firebase ahmed,Medium
31,Task,Storage security rules,"Rules for listing photos and profile pictures: size/type limits, owner-only writes.

Assignee: Eya
Reviewer: Manar
Definition of Done: PR reviewed and merged, tested on a real phone, ticket updated.",3,Sprint 1,firebase eya,Medium
32,Task,Flutter: Authentication,"Sign up, log in, log out, session persistence.

Assignee: Manar
Reviewer: Eya
Definition of Done: PR reviewed and merged, tested on a real phone, ticket updated.",4,Sprint 1,flutter manar,High
33,Task,React Native: Authentication,"Port of Flutter auth, same module names and layers.

Assignee: Eya
Reviewer: Manar
Definition of Done: PR reviewed and merged, tested on a real phone, ticket updated.",4,Sprint 2,react-native eya,High
34,Task,"Flutter: Listings (create, view, photos)","Publish sale/rent listing with photos, listing details with photo gallery. Started Sprint 1, finishes Sprint 2.

Assignee: Eya
Reviewer: Manar
Definition of Done: PR reviewed and merged, tested on a real phone, ticket updated.",5,Sprint 1,flutter eya,High
35,Task,"React Native: Listings (create, view, photos)","Port of Flutter listings.

Assignee: Manar
Reviewer: Eya
Definition of Done: PR reviewed and merged, tested on a real phone, ticket updated.",5,Sprint 2,react-native manar,High
36,Task,Flutter: Search and filters,"Price range, location, type, sale/rent. Layers: SearchScreen, SearchController, SearchFilters, ListingRepository.

Assignee: Eya
Reviewer: Manar
Definition of Done: PR reviewed and merged, tested on a real phone, ticket updated.",6,Sprint 2,flutter eya,High
37,Task,React Native: Search and filters,"Port of Flutter search, same class/file names.

Assignee: Manar
Reviewer: Eya
Definition of Done: PR reviewed and merged, tested on a real phone, ticket updated.",6,Sprint 3,react-native manar,High
38,Task,Flutter: Map and geolocation,"Listings on map, pick location when publishing, user location.

Assignee: Manar
Reviewer: Eya
Definition of Done: PR reviewed and merged, tested on a real phone, ticket updated.",7,Sprint 2,flutter manar,High
39,Task,React Native: Map and geolocation,"Port of Flutter map.

Assignee: Eya
Reviewer: Manar
Definition of Done: PR reviewed and merged, tested on a real phone, ticket updated.",7,Sprint 3,react-native eya,High
40,Task,Flutter: Chat,"One conversation per listing, realtime messages. Eya pairs if behind.

Assignee: Manar
Reviewer: Eya
Definition of Done: PR reviewed and merged, tested on a real phone, ticket updated.",8,Sprint 2,flutter manar,High
41,Task,React Native: Chat,"Port of Flutter chat.

Assignee: Eya
Reviewer: Manar
Definition of Done: PR reviewed and merged, tested on a real phone, ticket updated.",8,Sprint 3,react-native eya,High
42,Task,Flutter: Favorites,"Add/remove favorites, favorites list.

Assignee: Ahmed
Reviewer: Manar
Definition of Done: PR reviewed and merged, tested on a real phone, ticket updated.",9,Sprint 2,flutter ahmed,Medium
43,Task,React Native: Favorites,"Port of Flutter favorites.

Assignee: Mahmoud
Reviewer: Manar
Definition of Done: PR reviewed and merged, tested on a real phone, ticket updated.",9,Sprint 3,react-native mahmoud,Medium
44,Task,Flutter: Profile,"Edit name and photo, see own listings.

Assignee: Mahmoud
Reviewer: Manar
Definition of Done: PR reviewed and merged, tested on a real phone, ticket updated.",9,Sprint 2,flutter mahmoud,Medium
45,Task,React Native: Profile,"Port of Flutter profile.

Assignee: Ahmed
Reviewer: Manar
Definition of Done: PR reviewed and merged, tested on a real phone, ticket updated.",9,Sprint 3,react-native ahmed,Medium
46,Task,Flutter: Push notifications,"FCM notification on each new message.

Assignee: Mahmoud
Reviewer: Manar
Definition of Done: PR reviewed and merged, tested on a real phone, ticket updated.",10,Sprint 2,flutter mahmoud,Medium
47,Task,React Native: Push notifications,"Port of Flutter notifications.

Assignee: Ahmed
Reviewer: Manar
Definition of Done: PR reviewed and merged, tested on a real phone, ticket updated.",10,Sprint 3,react-native ahmed,Medium
48,Task,Write test plan,"Test cases per feature, real-phone checklist.

Assignee: Mahmoud
Reviewer: Manar
Definition of Done: PR reviewed and merged, tested on a real phone, ticket updated.",11,Sprint 1,docs mahmoud,Medium
49,Task,Flutter release build and Google Play closed test,"Signed release build, upload to Play Console closed test around 1 Nov.

Assignee: Eya
Reviewer: Manar
Definition of Done: PR reviewed and merged, tested on a real phone, ticket updated.",11,Sprint 2,release eya,High
50,Task,Real-phone testing and bug fixing (A),"Test Flutter + RN on real phones, fix bugs. Bug fixes only.

Assignee: Ahmed
Reviewer: Manar
Definition of Done: PR reviewed and merged, tested on a real phone, ticket updated.",11,Sprint 3,testing ahmed,High
51,Task,Real-phone testing and bug fixing (B),"Test Flutter + RN on real phones, fix bugs. Bug fixes only.

Assignee: Mahmoud
Reviewer: Manar
Definition of Done: PR reviewed and merged, tested on a real phone, ticket updated.",11,Sprint 3,testing mahmoud,High
52,Task,Code freeze 17 November,"No new features after this date, bug fixes only.

Assignee: Manar
Reviewer: Eya
Definition of Done: PR reviewed and merged, tested on a real phone, ticket updated.",11,Sprint 3,release manar,High
53,Task,Final report,"Final report for the teacher, including C4 and screenshots.

Assignee: Manar
Reviewer: Eya
Definition of Done: PR reviewed and merged, tested on a real phone, ticket updated.",11,Buffer,docs manar,High
54,Task,Demo preparation,"Demo script and rehearsal.

Assignee: Ahmed
Reviewer: Manar
Definition of Done: PR reviewed and merged, tested on a real phone, ticket updated.",11,Buffer,docs ahmed,High
55,Task,Final tests,"Final regression pass on both apps.

Assignee: Ahmed
Reviewer: Manar
Definition of Done: PR reviewed and merged, tested on a real phone, ticket updated.",11,Buffer,testing ahmed,High
56,Task,Google Play follow-up,"Track review/production status, answer Play Console requests.

Assignee: Mahmoud
Reviewer: Manar
Definition of Done: PR reviewed and merged, tested on a real phone, ticket updated.",11,Buffer,release mahmoud,High
57,Task,"Documentation, screenshots and store visuals","Store listing screenshots, graphics, descriptions.

Assignee: Mahmoud
Reviewer: Manar
Definition of Done: PR reviewed and merged, tested on a real phone, ticket updated.",11,Buffer,docs mahmoud,Medium
